Username,Bio,Location,Following,Follower,Website
GTN UK,"Providing Entertainment & Travel to Commercial Radio. Reaching 28.9M weekly listeners. Winners of The Arqiva National Sales Team of the Year 2010, 2011 & 2016","London, England",446,125,https://t.co/aJKvkwp2dG
WhatsApp,message privately with WhatsApp,California,5,5.5M,https://t.co/ku2ShnylHa
A & A Customs Broker,Customs Broker,"Florida, USA",124,36,
A&A Customs Brokers,A & A Freight | Warehousing | Customs Brokerage | Helping people ship across borders.,Worldwide,"3,805",650,http://t.co/laZo1M99c7
A&A Window Products,A commercial glass and glazing company serving the window industry in New England since 1954. ,"Malden, MA",88,80,https://t.co/UrYUiEDwWi
A & B Kia,"A&B Kia is a Kia dealer in Benwood, WV. Stay connected to exceed expectations. Build strong relationships. Drive the best with us.","Benwood, West Virginia ",331,296,http://t.co/H1m1Bi9YHp
A&B Home,"Industry leader in wholesale home decor, furniture, and garden, since 1993.","Rancho Cucamonga, CA",176,362,https://t.co/2lx3XxMZio
A & B Reprographics,"From large format black & white prints to the most sophisticated of digital color printing jobs, A & B can get the job done right.","Bentonville, AR",123,131,http://t.co/zyISURRqvP
A & C CHRISTOFI LTD,"A & C CHRISTOFI LTD is a fast growing professional services company based in Limassol, Cyprus. Our main Concern is your Business.",Cyprus,290,89,https://t.co/msJpvYtuAt
A&E Clothing,Used Clothing Distributor,Carteret,0,17,https://t.co/sIZNy1TeMH
A & E Technologies,,"Boulder, CO USA",1,36,http://t.co/eMS6qX752b
Wix,"Create, manage and grow your business online with Wix. It’s more than just a website builder, it’s how your vision comes to life. For support: ",We're everywhere!,"3,673",413.5K,https://t.co/vzQPGJokOE
A & G Insurance LLC,"A & G Insurance prides itself on being your local, full service, Independent Insurance Agency.",Connecticut,255,42,http://t.co/qDF7dVozxt
