Twitter Link,Bio,Following Count,Followers Count,Location,Website
https://twitter.com/whatsapp,message privately with WhatsApp,5,5.5M,California,
https://twitter.com/aacb_CBPTrade,Customs Broker,N/A,N/A,N/A,N/A
https://twitter.com/aacbdotcom,A & A Freight | Warehousing | Customs Brokerage | Helping people ship across borders.,"3,805",650,N/A,N/A
https://twitter.com/@AAWindowPRODUCT,N/A,N/A,N/A,N/A,N/A
https://www.twitter.com/aandb_kia,"A&B Kia is a Kia dealer in Benwood, WV. Stay connected to exceed expectations. Build strong relationships. Drive the best with us.",331,296,"Benwood, West Virginia",
https://twitter.com/ABHomeInc,"Industry leader in wholesale home decor, furniture, and garden, since 1993.",176,N/A,N/A,N/A
https://twitter.com/Abrepro,"From large format black & white prints to the most sophisticated of digital color printing jobs, A & B can get the job done right.",123,N/A,N/A,N/A
http://www.twitter.com,N/A,N/A,N/A,N/A,N/A
https://twitter.com/ACChristofiLtd,"A & C CHRISTOFI LTD is a fast growing professional services company based in Limassol, Cyprus. Our main Concern is your Business.",N/A,N/A,N/A,N/A
https://twitter.com/aeclothing1,Used Clothing Distributor,0,17,Carteret,N/A
http://www.twitter.com/,N/A,N/A,N/A,N/A,N/A
https://twitter.com/AETechnologies1,N/A,N/A,N/A,N/A,N/A
http://www.twitter.com/wix,"Create, manage and grow your business online with Wix. It’s more than just a website builder, it’s how your vision comes to life. For support:","3,674",413.5K,We're everywhere!,
https://twitter.com/AGInsuranceLLC,"A & G Insurance prides itself on being your local, full service, Independent Insurance Agency.",N/A,N/A,N/A,N/A
